,accuracy,length
0,0.2265625,14
1,0.15625,14
2,0.2109375,14
