,accuracy,length
0,0.1484375,16
1,0.171875,16
2,0.1875,16
