,accuracy,length
0,0.7265625,9
1,0.7578125,9
2,0.75,9
