,accuracy,length
0,0.4453125,10
1,0.5703125,10
2,0.4921875,10
