{"logs/log1/data/elbos/train elbo": [[1557688491.833141, 0, 222.32498168945312], [1557688515.7820547, 1, 162.8020477294922], [1557688538.3767216, 2, 149.5634307861328], [1557688561.587621, 3, 143.50181579589844], [1557688585.4724536, 4, 139.8036651611328], [1557688609.2734861, 5, 135.52032470703125], [1557688633.0377495, 6, 134.6131591796875], [1557688656.76099, 7, 131.73345947265625], [1557688681.120385, 8, 128.7152862548828], [1557688705.2599282, 9, 126.89922332763672], [1557688730.005212, 10, 125.49383544921875], [1557688754.8162851, 11, 124.53153228759766], [1557688779.2619166, 12, 123.24622344970703], [1557688805.1675, 13, 122.57817840576172], [1557688829.735507, 14, 121.70622253417969], [1557688856.0507398, 15, 122.09368896484375], [1557688881.7224708, 16, 121.74442291259766], [1557688908.069384, 17, 120.71209716796875], [1557688933.6737556, 18, 120.07146453857422], [1557688960.162012, 19, 121.11756896972656], [1557688986.569003, 20, 121.79707336425781], [1557689013.7103572, 21, 120.37413024902344], [1557689040.3429728, 22, 120.25707244873047], [1557689066.1042066, 23, 119.13399505615234], [1557689092.48756, 24, 120.25799560546875], [1557689119.0444613, 25, 120.25171661376953], [1557689145.2660499, 26, 120.32567596435547], [1557689172.620315, 27, 118.41008758544922], [1557689200.6460524, 28, 118.22862243652344], [1557689228.570598, 29, 118.3643798828125], [1557689256.6547775, 30, 117.35794830322266], [1557689285.3860517, 31, 117.0379409790039], [1557689313.7717714, 32, 118.38655090332031], [1557689342.16475, 33, 117.84317016601562], [1557689369.926028, 34, 117.6153793334961], [1557689399.9865193, 35, 117.07874298095703], [1557689429.8832839, 36, 116.85682678222656], [1557689459.544974, 37, 119.7009048461914], [1557689488.5328698, 38, 119.88152313232422], [1557689517.7067301, 39, 121.5113754272461]], "logs/log1/data/elbos/val elbo": [[1557688491.833141, 0, 175.5789337158203], [1557688515.7820547, 1, 151.6125946044922], [1557688538.3767216, 2, 143.3763885498047], [1557688561.587621, 3, 136.99716186523438], [1557688585.4724536, 4, 134.89617919921875], [1557688609.2734861, 5, 129.22645568847656], [1557688633.0377495, 6, 128.50933837890625], [1557688656.76099, 7, 124.3935775756836], [1557688681.120385, 8, 124.1649398803711], [1557688705.2599282, 9, 121.88018035888672], [1557688730.005212, 10, 121.14104461669922], [1557688754.8162851, 11, 118.60877227783203], [1557688779.2619166, 12, 117.20146942138672], [1557688805.1675, 13, 118.01365661621094], [1557688829.735507, 14, 116.69678497314453], [1557688856.0507398, 15, 116.24246978759766], [1557688881.7224708, 16, 115.83503723144531], [1557688908.069384, 17, 114.14737701416016], [1557688933.6737556, 18, 114.21685791015625], [1557688960.162012, 19, 114.0470962524414], [1557688986.569003, 20, 114.7362289428711], [1557689013.7103572, 21, 114.72628021240234], [1557689040.3429728, 22, 113.0779037475586], [1557689066.1042066, 23, 113.38365173339844], [1557689092.48756, 24, 113.48796081542969], [1557689119.0444613, 25, 113.16613006591797], [1557689145.2660499, 26, 112.70734405517578], [1557689172.620315, 27, 113.13858795166016], [1557689200.6460524, 28, 112.48082733154297], [1557689228.570598, 29, 112.30755615234375], [1557689256.6547775, 30, 111.90084838867188], [1557689285.3860517, 31, 111.4280776977539], [1557689313.7717714, 32, 111.81607055664062], [1557689342.16475, 33, 111.0574722290039], [1557689369.926028, 34, 112.22726440429688], [1557689399.9865193, 35, 110.68659973144531], [1557689429.8832839, 36, 111.05652618408203], [1557689459.544974, 37, 111.87053680419922], [1557689488.5328698, 38, 113.12721252441406], [1557689517.7067301, 39, 115.8533706665039]]}