{"logs/log1/data/elbos/train elbo": [[1557915090.6212995, 0, 216.0870819091797], [1557915113.153422, 1, 184.93141174316406], [1557915136.3984897, 2, 179.2507781982422], [1557915160.390369, 3, 174.87583923339844], [1557915184.52216, 4, 173.547119140625], [1557915208.1372192, 5, 172.33056640625], [1557915231.9617224, 6, 173.22694396972656], [1557915256.2547324, 7, 173.47708129882812], [1557915280.870861, 8, 172.0548095703125], [1557915306.872868, 9, 173.90579223632812], [1557915331.7457123, 10, 172.11978149414062], [1557915356.4374363, 11, 171.2860107421875], [1557915381.2545102, 12, 170.4073486328125], [1557915406.5592194, 13, 169.8061065673828], [1557915433.9912682, 14, 170.18661499023438], [1557915460.307793, 15, 169.9847412109375], [1557915486.3266108, 16, 169.54058837890625], [1557915511.9405835, 17, 171.11514282226562], [1557915538.2195532, 18, 171.0069580078125], [1557915564.5541985, 19, 170.5293731689453], [1557915591.6558146, 20, 169.5081329345703], [1557915618.2349598, 21, 168.96295166015625], [1557915644.8263252, 22, 169.72991943359375], [1557915672.1863186, 23, 170.8080291748047], [1557915700.1916432, 24, 170.25111389160156], [1557915728.2873092, 25, 168.2482452392578], [1557915757.1698294, 26, 167.58250427246094], [1557915785.3553078, 27, 169.0982666015625], [1557915812.8724692, 28, 168.589599609375], [1557915840.9647346, 29, 167.1285400390625], [1557915870.0962508, 30, 167.55950927734375], [1557915899.920425, 31, 168.94871520996094], [1557915928.6965313, 32, 167.84226989746094], [1557915957.8509967, 33, 168.3352813720703], [1557915990.0676706, 34, 168.32644653320312], [1557916020.8079388, 35, 169.33224487304688], [1557916050.8262827, 36, 168.44261169433594], [1557916080.556073, 37, 167.17599487304688], [1557916109.775463, 38, 167.2130584716797], [1557916139.5020697, 39, 167.30296325683594]], "logs/log1/data/elbos/val elbo": [[1557915090.6212995, 0, 187.3540802001953], [1557915113.153422, 1, 179.3728790283203], [1557915136.3984897, 2, 175.3968963623047], [1557915160.390369, 3, 171.790283203125], [1557915184.52216, 4, 170.17776489257812], [1557915208.1372192, 5, 174.2527618408203], [1557915231.9617224, 6, 169.18817138671875], [1557915256.2547324, 7, 171.394287109375], [1557915280.870861, 8, 169.418701171875], [1557915306.872868, 9, 169.97547912597656], [1557915331.7457123, 10, 169.43167114257812], [1557915356.4374363, 11, 167.9053955078125], [1557915381.2545102, 12, 167.92037963867188], [1557915406.5592194, 13, 166.8056640625], [1557915433.9912682, 14, 167.49893188476562], [1557915460.307793, 15, 166.4940948486328], [1557915486.3266108, 16, 169.14256286621094], [1557915511.9405835, 17, 167.0774383544922], [1557915538.2195532, 18, 167.8538360595703], [1557915564.5541985, 19, 171.73916625976562], [1557915591.6558146, 20, 166.18756103515625], [1557915618.2349598, 21, 165.7938690185547], [1557915644.8263252, 22, 167.2913055419922], [1557915672.1863186, 23, 167.3799285888672], [1557915700.1916432, 24, 166.88809204101562], [1557915728.2873092, 25, 165.04051208496094], [1557915757.1698294, 26, 164.93577575683594], [1557915785.3553078, 27, 166.3248291015625], [1557915812.8724692, 28, 164.95431518554688], [1557915840.9647346, 29, 164.5404510498047], [1557915870.0962508, 30, 165.27645874023438], [1557915899.920425, 31, 164.65054321289062], [1557915928.6965313, 32, 168.4159393310547], [1557915957.8509967, 33, 165.4231414794922], [1557915990.0676706, 34, 170.787353515625], [1557916020.8079388, 35, 165.8944091796875], [1557916050.8262827, 36, 164.19650268554688], [1557916080.556073, 37, 164.31724548339844], [1557916109.775463, 38, 164.18670654296875], [1557916139.5020697, 39, 164.22535705566406]]}